Chinas&Splashes,ChinaSabBlackwell Bow
Chinas&Splashes,ChinaSabBlackwell Edge
Chinas&Splashes,ChinaSabMallet
Chinas&Splashes,ChinaZil18inTrash Bow
Chinas&Splashes,ChinaZil18inTrash Edge
Chinas&Splashes,Pste11in2002Splash Crash
Chinas&Splashes,Sab10inHHXSplash
Chinas&Splashes,Sab12inAASplash Stick
Chinas&Splashes,Sab18inChina Mallet
Chinas&Splashes,Sab18inChina Stick
Chinas&Splashes,Sab20inHHXChina
Chinas&Splashes,Sab8inHHChinaKang
Chinas&Splashes,Wu10inSplash Brush
Chinas&Splashes,Wu10inSplash Stick
Chinas&Splashes,Wu12inSplash Brush
Chinas&Splashes,Wu12inSplash Stick
Chinas&Splashes,Wu17inChina Stick
Chinas&Splashes,Wu18inChina Brush
Chinas&Splashes,Wu18inChina Stick
Chinas&Splashes,Wu20inChina Stick
Chinas&Splashes,Zil Finger Cymbal
Chinas&Splashes,Zil10inSplash Stick
Chinas&Splashes,Zil10inSplashA
Chinas&Splashes,Zil17inChinaK
Chinas&Splashes,Zil6inSplashA
Chinas&Splashes,Zil8inSplashA
Chinas&Splashes,ZilOriental18in ST Bow
Chinas&Splashes,ZilOriental18in ST Edge
Claps,808 Clap
Claps,909 Clap
Claps,Chiptune Clap
Claps,Da Clappp
Claps,EDM Clap
Claps,Electro Clapper
Claps,Gated Clap
Claps,Hip Hop Clap
Claps,Linn9000 Clap
Claps,Micro Clap
Claps,Noise Ya Clap
Claps,Pow Clap
Claps,Roomy Claps
Claps,Sim SD Clap
Claps,Trapper Clapper
Crashes,16inACBrush
Crashes,16inACMallet
Crashes,16inACStick
Crashes,16inDarkBrush
Crashes,16inDarkMallet
Crashes,16inDarkStick
Crashes,16inMedBrush
Crashes,16inMedMallet
Crashes,16inMedStick
Crashes,17inKDBrush
Crashes,17inKDMallet
Crashes,17inKDStick
Crashes,17inMedBrush
Crashes,17inMedMallet
Crashes,17inMedStick
Crashes,18inMedBrush
Crashes,18inMedMallet
Crashes,18inMedStick
Crashes,AAXDarkCrash20in Bow
Crashes,AAXDarkCrash20in Edge
Crashes,BJ Zild14inThin
Crashes,BJ Zild15inCustA
Crashes,BJ Zild15inCustDark
Crashes,BJ Zild15inMedZ
Crashes,BJ Zild17inCustA
Crashes,BJ Zild17inMedZ
Crashes,ComboPsteMinl Closed
Crashes,ComboPsteMinl Open
Crashes,FlangeStacker
Crashes,Mwork16in Crash
Crashes,Pste18in2002 Crash
Crashes,Pste18inGiantBeat Crash
Crashes,Pste19in2002 Crash
Crashes,Pste20in2002Power Crash
Crashes,Pste20inGiantBeat Crash
Crashes,Sab10inAARocktagon Crash
Crashes,Sab16inHHX Crash
Crashes,Sab16inVaultV Crash
Crashes,Sab17inVaultV Crash
Crashes,Sab18inHHDark Crash
Crashes,Smashed17in
Crashes,Smashed18in
Crashes,SoniPste18in2002 Bow
Crashes,SoniPste18in2002 Edge
Crashes,SoniPste20in2002 Bow
Crashes,SoniPste20in2002 Edge
Crashes,Zild14inTrashformer Bow
Crashes,Zild14inTrashformer Edge
Crashes,Zild15inACustomRezo Crash
Crashes,Zild16inEFX Bow
Crashes,Zild16inEFX Edge
Crashes,Zild17inKFast Bow
Crashes,Zild17inKFast Edge
Crashes,Zild17inKFastST Bow
Crashes,Zild17inKFastST Edge
Crashes,Zild18inBroken Crash
Crashes,Zild18inEFX Bow
Crashes,Zild18inEFX Edge
Crashes,Zild18inKFast Bow
Crashes,Zild18inKFast Edge
Crashes,Zild18inKFastST Bow
Crashes,Zild18inKFastST Edge
Crashes,Zild18inKFastSTm2 Bow
Crashes,Zild18inKFastSTm2 Edge
Crashes,Zild20inEFX Bow
Crashes,Zild20inEFX Edge
Crashes,ZildMultiStacker Bow
Crashes,ZildMultiStacker Edge
Crashes,ZildSpiralStack Bow
Crashes,ZildSpiralStack Edge
Crashes,ZilStacker ST
Elec Cymbals,808 Cymbal
Elec Cymbals,909 Crash
Elec Cymbals,909 Ride
Elec Cymbals,Chiptune Crash 1
Elec Cymbals,Chiptune Crash 2
Elec Cymbals,Chiptune Crash 3
Elec Cymbals,Chiptune Crash 4
Elec Cymbals,Cyber Noise
Elec Cymbals,DigiCymbal
Elec Cymbals,Dirty Crash
Elec Cymbals,Electro Clash
Elec Cymbals,Electronix Crash
Elec Cymbals,Falling Crash
Elec Cymbals,Fizzy
Elec Cymbals,iLectro Crash
Elec Cymbals,Linn9000 Crash
Elec Cymbals,Linn9000 Ride Bell
Elec Cymbals,Linn9000 Ride Bow
Elec Cymbals,M20 Ride
Elec Cymbals,MPC 16 Crash
Elec Cymbals,MPC CCYMC
Elec Cymbals,MPC Crash 1
Elec Cymbals,MPC Crash 2
Elec Cymbals,MPC Crash 3
Elec Cymbals,MPC Crash 85
Elec Cymbals,MPC Crash AM
Elec Cymbals,MPC Crash CS1
Elec Cymbals,MPC Crash Cym
Elec Cymbals,MPC Crash Long
Elec Cymbals,MPC Crash Short
Elec Cymbals,MPC Cymbal POW1
Elec Cymbals,MPC Cymbal POW2
Elec Cymbals,MPC Cymbal POW3
Elec Cymbals,SymSD5 Crash
Elec Cymbals,Vocal Crash 1
Elec Cymbals,Vocal Crash 2
Elec HiHats,78 HH Pedal
Elec HiHats,78 HH
Elec HiHats,808 HH Pedal
Elec HiHats,808 HH
Elec HiHats,909 HH Pedal
Elec HiHats,909 HH
Elec HiHats,AnaLogic HH Pedal
Elec HiHats,AnaLogic HH
Elec HiHats,Beatbox HH Pedal
Elec HiHats,Beatbox HH
Elec HiHats,Crunch HH Pedal
Elec HiHats,Crunch HH
Elec HiHats,Dirty HipHop HH Pedal
Elec HiHats,Dirty HipHop HH
Elec HiHats,Driven08 HH Pedal
Elec HiHats,Driven08 HH
Elec HiHats,EDM HH Pedal
Elec HiHats,EDM HH
Elec HiHats,Electro80s HH Pedal
Elec HiHats,Electro80s HH
Elec HiHats,Linn9000 HH Pedal
Elec HiHats,Linn9000 HH
Elec HiHats,MPC HH Pedal
Elec HiHats,MPC HH
Elec HiHats,SciFi HH Pedal
Elec HiHats,SciFi HH
Elec HiHats,SymSD5 HH Pedal
Elec HiHats,SymSD5 HH
Elec HiHats,Trap HH 1 Pedal
Elec HiHats,Trap HH 1
Elec HiHats,Trap HH 2 Pedal
Elec HiHats,Trap HH 2
Elec HiHats,Tweaker HH Bow
Elec HiHats,Tweaker HH Edge
Elec HiHats,Tweaker HH Pedal
Elec HiHats,White Noise HH
Elec Kicks,78 Kick
Elec Kicks,808 Kick Long
Elec Kicks,808 Kick Short
Elec Kicks,909 Kick High
Elec Kicks,909 Kick Low
Elec Kicks,Analog Kick 1
Elec Kicks,Analog Kick 2
Elec Kicks,Banger
Elec Kicks,Beatbox Kick
Elec Kicks,Big Beat
Elec Kicks,Body Kick
Elec Kicks,Chiptune Kick 1
Elec Kicks,Chiptune Kick 2
Elec Kicks,Clubber Lang
Elec Kicks,Cough
Elec Kicks,Crunchy Lotus
Elec Kicks,Dancer
Elec Kicks,Dead Rodent
Elec Kicks,Demolition Kick
Elec Kicks,Distorted Kick 1
Elec Kicks,Distorted Kick 2
Elec Kicks,Drip Drop Kick
Elec Kicks,Dubstep Kick
Elec Kicks,EDM Thump 1
Elec Kicks,EDM Thump 2
Elec Kicks,Electro 80s
Elec Kicks,Factory Fear
Elec Kicks,Gritty HipHop
Elec Kicks,HardNHeavy
Elec Kicks,HardWelt
Elec Kicks,Harsh Square Kick
Elec Kicks,HipHop Kick
Elec Kicks,Idiot Kick
Elec Kicks,Industrial Smack Kick
Elec Kicks,Leviathan Kick
Elec Kicks,Linn9000 Kick
Elec Kicks,Modern DnB Kick
Elec Kicks,MPC Kick 000
Elec Kicks,MPC Kick 001
Elec Kicks,MPC Kick 002
Elec Kicks,MPC Kick 003
Elec Kicks,MPC Kick 004
Elec Kicks,MPC Kick 005
Elec Kicks,MPC Kick 006
Elec Kicks,MPC Kick 007
Elec Kicks,MPC Kick 008
Elec Kicks,MPC Kick 009
Elec Kicks,MPC Kick 010
Elec Kicks,MPC Kick 011
Elec Kicks,MPC Kick 012
Elec Kicks,MPC Kick 013
Elec Kicks,MPC Kick 014
Elec Kicks,MPC Kick 015
Elec Kicks,MPC Kick 016
Elec Kicks,MPC Kick 017
Elec Kicks,MPC Kick 018
Elec Kicks,MPC Kick 019
Elec Kicks,MPC Kick 020
Elec Kicks,MPC Kick 021
Elec Kicks,MPC Kick 022
Elec Kicks,MPC Kick 023
Elec Kicks,MPC Kick 024
Elec Kicks,MPC Kick 025
Elec Kicks,MPC Kick 026
Elec Kicks,MPC Kick 027
Elec Kicks,MPC Kick 028
Elec Kicks,MPC Kick 029
Elec Kicks,MPC Kick 030
Elec Kicks,MPC Kick 031
Elec Kicks,MPC Kick 032
Elec Kicks,MPC Kick 033
Elec Kicks,MPC Kick 034
Elec Kicks,MPC Kick 035
Elec Kicks,MPC Kick 036
Elec Kicks,MPC Kick 037
Elec Kicks,MPC Kick 038
Elec Kicks,MPC Kick 039
Elec Kicks,MPC Kick 040
Elec Kicks,MPC Kick 041
Elec Kicks,MPC Kick 042
Elec Kicks,MPC Kick 043
Elec Kicks,MPC Kick 044
Elec Kicks,MPC Kick 045
Elec Kicks,MPC Kick 046
Elec Kicks,MPC Kick 047
Elec Kicks,MPC Kick 048
Elec Kicks,MPC Kick 049
Elec Kicks,MPC Kick 050
Elec Kicks,MPC Kick 051
Elec Kicks,MPC Kick 052
Elec Kicks,MPC Kick 053
Elec Kicks,MPC Kick 054
Elec Kicks,MPC Kick 055
Elec Kicks,MPC Kick 056
Elec Kicks,MPC Kick 057
Elec Kicks,MPC Kick 058
Elec Kicks,MPC Kick 059
Elec Kicks,MPC Kick 060
Elec Kicks,MPC Kick 061
Elec Kicks,MPC Kick 062
Elec Kicks,MPC Kick 063
Elec Kicks,MPC Kick 064
Elec Kicks,MPC Kick 065
Elec Kicks,MPC Kick 066
Elec Kicks,MPC Kick 067
Elec Kicks,MPC Kick 068
Elec Kicks,MPC Kick 069
Elec Kicks,MPC Kick 070
Elec Kicks,MPC Kick 071
Elec Kicks,MPC Kick 072
Elec Kicks,MPC Kick 073
Elec Kicks,MPC Kick 074
Elec Kicks,MPC Kick 075
Elec Kicks,MPC Kick 076
Elec Kicks,MPC Kick 077
Elec Kicks,MPC Kick 078
Elec Kicks,MPC Kick 079
Elec Kicks,MPC Kick 080
Elec Kicks,MPC Kick 081
Elec Kicks,MPC Kick 082
Elec Kicks,MPC Kick 083
Elec Kicks,MPC Kick 084
Elec Kicks,MPC Kick 085
Elec Kicks,MPC Kick 086
Elec Kicks,MPC Kick 087
Elec Kicks,MPC Kick 088
Elec Kicks,MPC Kick 089
Elec Kicks,MPC Kick 090
Elec Kicks,MPC Kick 091
Elec Kicks,MPC Kick 092
Elec Kicks,MPC Kick 093
Elec Kicks,MPC Kick 094
Elec Kicks,MPC Kick 095
Elec Kicks,MPC Kick 096
Elec Kicks,MPC Kick 097
Elec Kicks,MPC Kick 098
Elec Kicks,MPC Kick 099
Elec Kicks,MPC Kick 100
Elec Kicks,Oomph Kick
Elec Kicks,Phat Kick
Elec Kicks,Round Sub Kick
Elec Kicks,Shorty Sub Kick
Elec Kicks,So Close
Elec Kicks,Sub Kick
Elec Kicks,SymSD5 Kick Long
Elec Kicks,SymSD5 Kick Short
Elec Kicks,Techno Kick
Elec Kicks,Tom Cat Sub Kick
Elec Kicks,Tonal Sub Kick
Elec Kicks,Trap Kick 1
Elec Kicks,Trap Kick 2
Elec Kicks,Verb Kick
Elec Kicks,Warm Boom
Elec Kicks,Zapped Kick
Elec Perc,78 Conga
Elec Perc,808 Clave
Elec Perc,808 Conga Hi
Elec Perc,808 Conga Lo
Elec Perc,808 Conga Md
Elec Perc,808 Cowbell
Elec Perc,Bass Groan
Elec Perc,Beatbox Clicks
Elec Perc,Beatbox Cluck
Elec Perc,Beatbox Groan
Elec Perc,Bell Shake
Elec Perc,Blockhead
Elec Perc,Crunchy 8-Bit
Elec Perc,Dance Shaker
Elec Perc,Dist 808 Cowbell
Elec Perc,Distortion Stabs
Elec Perc,Dynastab
Elec Perc,Electro Shaker
Elec Perc,Glitchies
Elec Perc,HipHop Maracas
Elec Perc,Linn9000 Cabasa
Elec Perc,Linn9000 Conga
Elec Perc,Linn9000 Cowbell
Elec Perc,Linn9000 Tamb
Elec Perc,LoFi Yelp Long
Elec Perc,LoFi Yelp Short
Elec Perc,MechaDrill Hi
Elec Perc,MechaDrill Low
Elec Perc,MechaKong
Elec Perc,Metal Tin Can
Elec Perc,MPC Claves
Elec Perc,MPC Shaker 1
Elec Perc,MPC Shaker 2
Elec Perc,MPC Shaker 3
Elec Perc,MPC Tamb 1
Elec Perc,MPC Tamb 2
Elec Perc,MPC Tamb 3
Elec Perc,MPC Tamb 4
Elec Perc,MPC Tamb 5
Elec Perc,MPC Tamb 6
Elec Perc,Noise Blast Drone
Elec Perc,Noise Blast
Elec Perc,Noise Pop
Elec Perc,Noise Sweep
Elec Perc,Ow Stabs 8va
Elec Perc,Ow Stabs
Elec Perc,P Shaker 1
Elec Perc,P Shaker 2
Elec Perc,P Shaker 3
Elec Perc,Phase Stab
Elec Perc,Random Blips
Elec Perc,ResoZap Long
Elec Perc,ResoZap Longest
Elec Perc,ResoZap Medium
Elec Perc,ResoZap Short
Elec Perc,Reverby Boom
Elec Perc,RingMod Tick
Elec Perc,RoboPerc
Elec Perc,Short Noise ST
Elec Perc,Squelch Stabs 8va
Elec Perc,Squelch Stabs
Elec Perc,Tambo HipHop
Elec Perc,The Scream
Elec Perc,Thunk
Elec Perc,Trap Snap
Elec Perc,Verb Perc 1
Elec Perc,Verb Perc 2
Elec Perc,Verb Perc 3
Elec Perc,Verb Perc 4
Elec Perc,White Noise
Elec Snares,808 Rimshot
Elec Snares,808 Snare
Elec Snares,909 Rim
Elec Snares,909 Snare
Elec Snares,Analog Snap
Elec Snares,Annihilator 1
Elec Snares,Annihilator 2
Elec Snares,Beatbox Snare 1
Elec Snares,Beatbox Snare 2
Elec Snares,Beatbox Snare 3
Elec Snares,Blippy
Elec Snares,Chiptune Snare Boom
Elec Snares,Chiptune Snare Pop
Elec Snares,Classic Snap
Elec Snares,DnB Snare 1
Elec Snares,DnB Snare 2
Elec Snares,DnB Snare 3
Elec Snares,Dubstepper
Elec Snares,EDM Snare 1
Elec Snares,EDM Snare 2
Elec Snares,EDM Snare 3
Elec Snares,Electro Snare
Elec Snares,Fizz Snare
Elec Snares,Ghostly Snare
Elec Snares,Hersey
Elec Snares,Idiot Snare
Elec Snares,iLectro 1
Elec Snares,iLectro 2
Elec Snares,iLectro 3
Elec Snares,iLectro 4
Elec Snares,iLectro 5
Elec Snares,iLectro 6
Elec Snares,iLectro 7
Elec Snares,Industrial Grit
Elec Snares,Jewel Runner Snare
Elec Snares,KaPop Snare
Elec Snares,Kraft
Elec Snares,Linn9000 Snare
Elec Snares,Linn9000 XStick
Elec Snares,Modern DnB Snare
Elec Snares,Moogue Snare
Elec Snares,MPC Snare 00
Elec Snares,MPC Snare 01
Elec Snares,MPC Snare 02
Elec Snares,MPC Snare 03
Elec Snares,MPC Snare 04
Elec Snares,MPC Snare 05
Elec Snares,MPC Snare 06
Elec Snares,MPC Snare 07
Elec Snares,MPC Snare 08
Elec Snares,MPC Snare 09
Elec Snares,MPC Snare 10
Elec Snares,MPC Snare 11
Elec Snares,MPC Snare 12
Elec Snares,MPC Snare 13
Elec Snares,MPC Snare 14
Elec Snares,MPC Snare 15
Elec Snares,MPC Snare 16
Elec Snares,MPC Snare 17
Elec Snares,MPC Snare 18
Elec Snares,MPC Snare 19
Elec Snares,MPC Snare 20
Elec Snares,MPC Snare 21
Elec Snares,MPC Snare 22
Elec Snares,MPC Snare 23
Elec Snares,MPC Snare 24
Elec Snares,MPC Snare 25
Elec Snares,MPC Snare 26
Elec Snares,MPC Snare 27
Elec Snares,MPC Snare 28
Elec Snares,MPC Snare 29
Elec Snares,MPC Snare 30
Elec Snares,MPC Snare 31
Elec Snares,MPC Snare 32
Elec Snares,MPC Snare 33
Elec Snares,MPC Snare 34
Elec Snares,MPC Snare 35
Elec Snares,MPC Snare 36
Elec Snares,MPC Snare 37
Elec Snares,MPC Snare 38
Elec Snares,MPC Snare 39
Elec Snares,MPC Snare 40
Elec Snares,MPC Snare 41
Elec Snares,MPC Snare 42
Elec Snares,MPC Snare 43
Elec Snares,MPC Snare 44
Elec Snares,MPC Snare 45
Elec Snares,MPC Snare 46
Elec Snares,MPC Snare 47
Elec Snares,MPC Snare 48
Elec Snares,MPC Snare 49
Elec Snares,MPC Snare 50
Elec Snares,MPC Snare 51
Elec Snares,MPC Snare 52
Elec Snares,MPC Snare 53
Elec Snares,MPC Snare 54
Elec Snares,MPC Snare 55
Elec Snares,MPC Snare 56
Elec Snares,MPC Snare 57
Elec Snares,MPC Snare 58
Elec Snares,MPC Snare 59
Elec Snares,MPC Snare 60
Elec Snares,MPC Snare 61
Elec Snares,MPC Snare 62
Elec Snares,MPC Snare 63
Elec Snares,MPC Snare 64
Elec Snares,MPC Snare 65
Elec Snares,MPC Snare 66
Elec Snares,MPC Snare 67
Elec Snares,MPC Snare 68
Elec Snares,MPC Snare 69
Elec Snares,MPC Snare 70
Elec Snares,MPC Snare 71
Elec Snares,MPC Snare 72
Elec Snares,MPC Snare 73
Elec Snares,MPC Snare 74
Elec Snares,MPC Snare 75
Elec Snares,MPC Snare 76
Elec Snares,MPC Snare 77
Elec Snares,MPC Snare 78
Elec Snares,MPC Snare 79
Elec Snares,Old School
Elec Snares,Phat Snare
Elec Snares,Pitched Up Snare Roll
Elec Snares,Pitched Up Snare
Elec Snares,Pretty Gate Machine
Elec Snares,Producto Snare
Elec Snares,Psht Snare
Elec Snares,RingMod Snare
Elec Snares,Smacky Snare
Elec Snares,Snappy Dubschtep
Elec Snares,Snappy N High
Elec Snares,SymSD5 Snare 1
Elec Snares,SymSD5 Snare 2
Elec Snares,Trap Snare 1
Elec Snares,Trap Snare 2
Elec Snares,Trent Snare
Elec Snares,Tron
Elec Snares,Viva La 80s
Elec Snares,White Noize
Elec Toms,808 Tom 1
Elec Toms,808 Tom 2
Elec Toms,808 Tom 3
Elec Toms,909 Tom 1
Elec Toms,909 Tom 2
Elec Toms,909 Tom 3
Elec Toms,Aggro242 Tom 1
Elec Toms,Aggro242 Tom 2
Elec Toms,Aggro242 Tom 3
Elec Toms,Aggro242 Tom 4
Elec Toms,Crusher Tom 1
Elec Toms,Crusher Tom 2
Elec Toms,Crusher Tom 3
Elec Toms,Crusher Tom 4
Elec Toms,DX Tom 1
Elec Toms,DX Tom 2
Elec Toms,DX Tom 3
Elec Toms,EDM Tom 1
Elec Toms,EDM Tom 2
Elec Toms,EDM Tom 3
Elec Toms,EDM Tom 4
Elec Toms,Electro Thud
Elec Toms,Electro80s Tom 1
Elec Toms,Electro80s Tom 2
Elec Toms,Electro80s Tom 3
Elec Toms,Electro80s Tom 4
Elec Toms,Industrial Tom 1
Elec Toms,Industrial Tom 2
Elec Toms,Industrial Tom 3
Elec Toms,Industrial Tom 4
Elec Toms,Linn9000 Tom
Elec Toms,SymSD5 Tom 1
Elec Toms,SymSD5 Tom 2
Elec Toms,SymSD5 Tom 3
Elec Toms,Y9 Tom 1
Elec Toms,Y9 Tom 2
Elec Toms,Y9 Tom 3
HiHats,13inFuse Bow
HiHats,13inFuse Edge
HiHats,13inFuse Pedal
HiHats,BJ Zild13K Bow
HiHats,BJ Zild13K Edge
HiHats,BJ Zild13K Pedal
HiHats,BJ Zild14 Bow
HiHats,BJ Zild14 Edge
HiHats,BJ Zild14 Pedal
HiHats,Man14 Bow
HiHats,Man14 Edge
HiHats,Man14 Pedal
HiHats,Man14Brush Bow
HiHats,Man14Brush Edge
HiHats,OldZ Bow
HiHats,OldZ Edge
HiHats,OldZ Pedal
HiHats,OldZBrush Bow
HiHats,OldZBrush Edge
HiHats,OldZBrush Pedal
HiHats,Pste14in2002Med Bow
HiHats,Pste14in2002Med Edge
HiHats,Pste14in2002Med Pedal
HiHats,Pste14inGiant Bow
HiHats,Pste14inGiant Edge
HiHats,Pste14inGiant Pedal
HiHats,Pste15in2002 Bow
HiHats,Pste15in2002 Edge
HiHats,Pste15in2002 Pedal
HiHats,Remix12 Pedal
HiHats,Remix12
HiHats,RnBHat Bow
HiHats,RnBHat Edge
HiHats,RnBHat Pedal
HiHats,Sab14inAALight Bow
HiHats,Sab14inAALight Edge
HiHats,Sab14inAALight Pedal
HiHats,Sab15inAARegular Bow
HiHats,Sab15inAARegular Edge
HiHats,Sab15inAARegular Pedal
HiHats,SmashedHat Bow
HiHats,SmashedHat Edge
HiHats,SmashedHat Pedal
HiHats,TightHat Bow
HiHats,TightHat Edge
HiHats,TightHat Pedal
HiHats,Toke1 HH
HiHats,Toke2 HH
HiHats,Trash21inHat Bow
HiHats,Trash21inHat Edge
HiHats,Trash21inHat Pedal
HiHats,Trash21inHat ST Bow
HiHats,Trash21inHat ST Edge 
HiHats,Trash21inHat ST Pedal
HiHats,Zild15inIstanbul Bow
HiHats,Zild15inIstanbul Edge
HiHats,Zild15inIstanbul Pedal
HiHats,Zild15inLightK Bow
HiHats,Zild15inLightK Edge
HiHats,Zild15inLightK Pedal
Kicks,Alt Rock 
Kicks,Big Body 
Kicks,Big Boom
Kicks,Big Rocker Kick
Kicks,Big Room
Kicks,BJ Sling20in
Kicks,BJ TrashyKick 1
Kicks,BJ TrashyKick 2
Kicks,BJ YamMap20in
Kicks,BJ YamMapEQ
Kicks,Blues
Kicks,Booty Shaker
Kicks,Bop
Kicks,BrightPop Ambient
Kicks,BrightPop Muted
Kicks,BrightPop Open
Kicks,Cavern
Kicks,Country Pop
Kicks,CustomJazz16inFlt
Kicks,DocAcrylicKick ST
Kicks,DWMaple22in Open
Kicks,DWRock Muted
Kicks,Funk
Kicks,Fusion
Kicks,Gated80sKick
Kicks,Gloomy
Kicks,Gothic
Kicks,Gre20inPl
Kicks,Gre20x14 Muted
Kicks,Gre20x14 Open
Kicks,Gre22x20 Ambient
Kicks,Gre22x20 Muted
Kicks,Gre22x20 Open
Kicks,GreBop18in
Kicks,GreGeneral22in
Kicks,Grunge
Kicks,Hammer Head
Kicks,Hard Click
Kicks,Indie Rock
Kicks,JazzKickDW Open
Kicks,LeedBig26in
Kicks,Levee Open
Kicks,LFW26x14 Ambient
Kicks,LFW26x14 Muted
Kicks,LFW26x14 Open
Kicks,Loose N Wild
Kicks,Lud22inPl
Kicks,Lud22x14 Ambient
Kicks,Lud22x14 Muted
Kicks,Lud22x14 Open
Kicks,Metal 1
Kicks,Metal 2
Kicks,Muffle
Kicks,NCMaple22x18 Ambient
Kicks,NCMaple22x18 Muted
Kicks,NCMaple22x18 Open
Kicks,NuMetal
Kicks,Panthera
Kicks,Punchy
Kicks,Rat
Kicks,RCI26inAcrylic Open
Kicks,RCI26inAcrylic ST
Kicks,Reamped
Kicks,Reinforced
Kicks,Retro
Kicks,RKing26in
Kicks,RnB
Kicks,RockKick Ambient
Kicks,RockKick Muted
Kicks,RockKick Open
Kicks,Rosanna
Kicks,Sling22in
Kicks,SlingTight20in
Kicks,Smashed 
Kicks,Stubby
Kicks,Talkbox
Kicks,TempFiber26inPl
Kicks,Thumper
Kicks,Thwak
Kicks,Tight Acrylic
Kicks,Tight Click
Kicks,Total Attack
Kicks,Tubby
Kicks,Tube
Kicks,Ultra Rock
Kicks,Yam 24in Special
Kicks,Yam24inPl
Kicks,YamLow24in
Kicks,YamOak22x18 Ambient
Kicks,YamOak22x18 Muted
Kicks,YamOak22x18 Open
Kicks,YamOak24x18 Ambient
Kicks,YamOak24x18 Muted
Kicks,YamOak24x18 Open
Melodic,Ambient Pluck 1
Melodic,Ambient Pluck 2
Melodic,Ambient Pluck 3
Melodic,Ambient Pluck 4
Melodic,AutoSidechain Bass
Melodic,BansuriFlute C3
Melodic,BansuriFlute E3
Melodic,BansuriFlute G2
Melodic,BansuriFlute G3
Melodic,Bell Pluck 1
Melodic,Bell Pluck 2
Melodic,Bell Pluck 3
Melodic,Bell Pluck 4
Melodic,Bell Pluck 5
Melodic,Elec Piano Chord 1
Melodic,Elec Piano Chord 2
Melodic,Elec Piano Chord 3
Melodic,Elec Piano Chord 4
Melodic,Elec Piano Chord 5
Melodic,Elec Piano Chord 6
Melodic,Funk Synth A1
Melodic,Funk Synth A2
Melodic,Funk Synth B1
Melodic,Funk Synth B2
Melodic,Funk Synth D2
Melodic,Funk Synth D3
Melodic,Funk Synth E1
Melodic,Funk Synth E2
Melodic,Funk Synth E3
Melodic,Funk Synth F#1
Melodic,Funk Synth F#2
Melodic,Funk Synth F#3
Melodic,Funky Clav 1
Melodic,Funky Clav 10
Melodic,Funky Clav 2
Melodic,Funky Clav 3
Melodic,Funky Clav 4
Melodic,Funky Clav 5
Melodic,Funky Clav 6
Melodic,Funky Clav 7
Melodic,Funky Clav 8
Melodic,Funky Clav 9
Melodic,Glassy Stab A2
Melodic,Glassy Stab C2
Melodic,Glassy Stab D2
Melodic,Glassy Stab E2
Melodic,Glassy Stab G2
Melodic,Growler Bass
Melodic,Hard Electro Bass
Melodic,Harp Pluck C3
Melodic,Harp Pluck C4
Melodic,Harp Pluck D3
Melodic,Harp Pluck E3
Melodic,Harp Pluck G2
Melodic,Harp Pluck G3
Melodic,Harp Plucks
Melodic,Heavenly Chord 1
Melodic,Heavenly Chord 2
Melodic,Heavenly Chord 3
Melodic,Heavenly Chord 4
Melodic,Hollow Pluck A2
Melodic,Hollow Pluck Bb2
Melodic,Hollow Pluck Bb3
Melodic,Hollow Pluck C4
Melodic,Hollow Pluck D3
Melodic,Hollow Pluck D4
Melodic,Hollow Pluck F4
Melodic,Hollow Pluck G2
Melodic,Hollow Pluck G3
Melodic,Hollow Pluck G4
Melodic,Icy Chord 1
Melodic,Icy Chord 2
Melodic,Icy Chord 3
Melodic,Icy Chord 4
Melodic,Long Glassy Chord
Melodic,Marimba B1
Melodic,Marimba B2
Melodic,Marimba B3
Melodic,Marimba B4
Melodic,Marimba B5
Melodic,Marimba C2
Melodic,Marimba C3
Melodic,Marimba C4
Melodic,Marimba C5
Melodic,Marimba C6
Melodic,Marimba E2
Melodic,Marimba E3
Melodic,Marimba E4
Melodic,Marimba E5
Melodic,Marimba G1
Melodic,Marimba G2
Melodic,Marimba G3
Melodic,Marimba G4
Melodic,Marimba G5
Melodic,Metal Guitar Chugs
Melodic,Min7 Stab A
Melodic,Min7 Stab C
Melodic,Min7 Stab D
Melodic,Min7 Stab E
Melodic,Moog Funk Bass A2
Melodic,Moog Funk Bass B2
Melodic,Moog Funk Bass B3
Melodic,Moog Funk Bass D2
Melodic,Moog Funk Bass E2
Melodic,Moog Funk Bass F#2
Melodic,Nylon Guitar C3
Melodic,Nylon Guitar Chord AMaj
Melodic,Nylon Guitar Chord AMin
Melodic,Nylon Guitar Chord BMaj
Melodic,Nylon Guitar Chord BMin
Melodic,Nylon Guitar Chord CMaj
Melodic,Nylon Guitar Chord CMin
Melodic,Nylon Guitar Chord DMaj
Melodic,Nylon Guitar Chord DMin
Melodic,Nylon Guitar Chord EMaj
Melodic,Nylon Guitar Chord EMin
Melodic,Nylon Guitar Chord FMaj
Melodic,Nylon Guitar Chord FMin
Melodic,Nylon Guitar Chord GMaj
Melodic,Nylon Guitar Chord GMin
Melodic,Nylon Guitar E2
Melodic,Nylon Guitar F2
Melodic,Nylon Guitar G2
Melodic,Plextro Bass C3
Melodic,Plextro Bass C4
Melodic,Plextro Bass D2
Melodic,Plextro Bass D3
Melodic,Plextro Bass F2
Melodic,Plextro Bass F3
Melodic,Plextro Bass G2
Melodic,Plextro Bass G3
Melodic,Polystab 1
Melodic,Polystab 2
Melodic,Polystab 3
Melodic,Round Moog Bass Bb2
Melodic,Round Moog Bass C1
Melodic,Round Moog Bass C2
Melodic,Round Moog Bass Eb2
Melodic,Round Moog Bass F2
Melodic,Round Moog Bass G2
Melodic,SawStab Amin
Melodic,SawStab F
Melodic,Sitar A#2
Melodic,Sitar C#3
Melodic,Sitar C3
Melodic,Sitar Drone
Melodic,Sitar E3
Melodic,Sitar F3
Melodic,Sitar G3
Melodic,SomberChord 1
Melodic,SomberChord 2
Melodic,SomberChord 3
Melodic,SomberChord 4
Melodic,Trumpet Fall 1
Melodic,Trumpet Fall 2
Melodic,Trumpet Fall 3
Melodic,Trumpet Fall 4
Melodic,Vibes C4
Melodic,Vibes C5
Melodic,Vibes C6
Melodic,Vibes E4
Melodic,Vibes E5
Melodic,Vibes E6
Melodic,Vibes G3
Melodic,Vibes G4
Melodic,Vibes G5
Melodic,Whooper
Melodic SEQ,Acid Bass HH Seq
Melodic SEQ,Ambient Pluck SEQ
Melodic SEQ,AutoWah Bass SEQ
Melodic SEQ,Bell Pluck SEQ
Melodic SEQ,Bit Chirps High SEQ
Melodic SEQ,Bit Chirps Low SEQ
Melodic SEQ,DubstepBass SEQ
Melodic SEQ,DubstepMotionBass SEQ
Melodic SEQ,DubstepRando SEQ
Melodic SEQ,Elec Piano Chord SEQ
Melodic SEQ,Funk Synth SEQ 1
Melodic SEQ,Funk Synth SEQ 2
Melodic SEQ,Funk Synth SEQ 3
Melodic SEQ,Funk Synth SEQ 4
Melodic SEQ,Funky Clav SEQ
Melodic SEQ,Funky Guitar High SEQ
Melodic SEQ,Funky Guitar SEQ
Melodic SEQ,Glassy Stab SEQ
Melodic SEQ,Grime Progression SEQ
Melodic SEQ,Heavenly Chord SEQ
Melodic SEQ,Hollow Pluck SEQ 1
Melodic SEQ,Hollow Pluck SEQ 2
Melodic SEQ,Icy Chord SEQ
Melodic SEQ,Jeff Funk Bass SEQ
Melodic SEQ,Metal Guitar Stab SEQ
Melodic SEQ,Moog Funk Bass SEQ
Melodic SEQ,Nylon Guitar SEQ
Melodic SEQ,Plextro Bass SEQ
Melodic SEQ,Plucky Stab SEQ
Melodic SEQ,Round Moog Bass SEQ
Melodic SEQ,Sitar SEQ
Melodic SEQ,SomberChord SEQ
Melodic SEQ,Tendo SEQ
Melodic SEQ,Trumpet Fall SEQ
Melodic SEQ,TrumpetFill1
Melodic SEQ,TrumpetFill2
Melodic SEQ,TrumpetFill3
Melodic SEQ,TrumpetFIll4
Melodic SEQ,Whooper SEQ
Metronome,Cowbell1
Metronome,Cowbell2
Metronome,Shaker
Metronome,Woodblock1
Metronome,Woodblock2
Perc,Bell Tree
Perc,Cowbell Pop 1
Perc,Cowbell Pop 2
Perc,Cowbell Rock 1
Perc,Cowbell Rock 2
Perc,Metal Perc Hi
Perc,Shaker 1
Perc,Shaker 2
Perc,Shaker 3
Perc,Shaker 4
Perc,Shaker 5
Perc,Shaker 6
Perc,Sleighbells
Perc,Tamb JT
Perc,Tamb Plastic 1
Perc,Tamb Plastic 2
Perc,Tamb Pop 1
Perc,Tamb Pop 2
Perc,Tamb Stick 1
Perc,Tamb Stick 2
Perc,TambHat1 Stomp
Perc,TambHat1
Perc,TambHat2 Stomp
Perc,TambHat2
Perc,Triangle 1
Perc,Triangle 2 Closed
Perc,Triangle 2 Open
Perc,Woodblock 1
Perc,Woodblock 2
Perc Ethnic,Apentema Bass
Perc Ethnic,Apentema Open
Perc Ethnic,Apentema Slap
Perc Ethnic,Atsimevu De
Perc Ethnic,Atsimevu Di
Perc Ethnic,Atsimevu Don
Perc Ethnic,Atsimevu Pa
Perc Ethnic,Bandir Hit
Perc Ethnic,Bandir Mute
Perc Ethnic,Bandir Slap
Perc Ethnic,Bandir Tek
Perc Ethnic,Bayan BendDwn
Perc Ethnic,Bayan BendUp
Perc Ethnic,Bayan Ge
Perc Ethnic,Bayan Ka
Perc Ethnic,Bayan Kre
Perc Ethnic,Boba Bass
Perc Ethnic,Boba MuteStick
Perc Ethnic,Boba OpenStick
Perc Ethnic,Boba Side
Perc Ethnic,Castanet 1
Perc Ethnic,Castanet 2
Perc Ethnic,Castanet 3
Perc Ethnic,Castanet 4
Perc Ethnic,Daff Dum
Perc Ethnic,Daff Slap
Perc Ethnic,Daff Tek
Perc Ethnic,Darbuka Dum Slaps
Perc Ethnic,Darbuka Dums
Perc Ethnic,Darbuka Finger Teks
Perc Ethnic,Darbuka Mute Slaps
Perc Ethnic,Djembe Bass
Perc Ethnic,Djembe Open
Perc Ethnic,Djembe Slap
Perc Ethnic,Dumbek Bass Dums
Perc Ethnic,Dumbek Bass Finger Tek
Perc Ethnic,Dumbek Bass Mute
Perc Ethnic,Dumbek Bass Slap
Perc Ethnic,Dumbek Closed Dum
Perc Ethnic,Dumbek Closed Finger Teks
Perc Ethnic,Dumbek Closed Mutes
Perc Ethnic,Dumbek Closed Slap
Perc Ethnic,Dundun Gliss 1
Perc Ethnic,Dundun Gliss 2
Perc Ethnic,Dundun Gliss 3
Perc Ethnic,Dundun Gliss 4
Perc Ethnic,Dundun Gliss 5
Perc Ethnic,Dundun Hi
Perc Ethnic,Dundun Low
Perc Ethnic,Dundun Med
Perc Ethnic,Dundun Pops
Perc Ethnic,Dunumba
Perc Ethnic,FrDrm14 Dum
Perc Ethnic,FrDrm14 MuteDum
Perc Ethnic,FrDrm14 SlapDum
Perc Ethnic,FrDrm14 Tek
Perc Ethnic,FrDrm22 Dum
Perc Ethnic,FrDrm22 DumMute
Perc Ethnic,FrDrm22 SlapDum
Perc Ethnic,FrDrm22 Tek
Perc Ethnic,Ganko1 High
Perc Ethnic,Ganko1 Low
Perc Ethnic,Ganko2 High
Perc Ethnic,Ganko2 Low
Perc Ethnic,Ganko3 High
Perc Ethnic,Ganko3 Low
Perc Ethnic,Ganko4 High
Perc Ethnic,Ganko4 Low
Perc Ethnic,Gome ClosedSlap
Perc Ethnic,Gome Gliss
Perc Ethnic,Gome Mute
Perc Ethnic,Gome OpenSlap
Perc Ethnic,Gong AIR
Perc Ethnic,Gong1
Perc Ethnic,Gungon
Perc Ethnic,Kaganu
Perc Ethnic,Kenken
Perc Ethnic,Kenkeni
Perc Ethnic,Kidi Closed
Perc Ethnic,Kidi Open
Perc Ethnic,Kloboto Closed
Perc Ethnic,Kloboto Open
Perc Ethnic,Kloboto Pa
Perc Ethnic,KpanlogoHi Bass
Perc Ethnic,KpanlogoHi Closed
Perc Ethnic,KpanlogoHi ClosedSlap
Perc Ethnic,KpanlogoHi Open
Perc Ethnic,KpanlogoHi Slap
Perc Ethnic,KpanlogoLow Bass
Perc Ethnic,KpanlogoLow Closed
Perc Ethnic,KpanlogoLow ClosedSlap
Perc Ethnic,KpanlogoLow Open
Perc Ethnic,KpanlogoLow Slap
Perc Ethnic,KpanlogoMid Bass
Perc Ethnic,KpanlogoMid Closed
Perc Ethnic,KpanlogoMid ClosedSlap
Perc Ethnic,KpanlogoMid Open
Perc Ethnic,KpanlogoMid Slap
Perc Ethnic,Kpegisu Closed
Perc Ethnic,Kpegisu Open
Perc Ethnic,Kpegisu Side
Perc Ethnic,Lunga Gliss
Perc Ethnic,Lunga High
Perc Ethnic,Lunga Low
Perc Ethnic,Lunga Middle
Perc Ethnic,Macana Surdo
Perc Ethnic,Sangban
Perc Ethnic,Sogo De
Perc Ethnic,Sogo Don
Perc Ethnic,Sogo Gi
Perc Ethnic,Sogo Pa
Perc Ethnic,SteelDrum A3
Perc Ethnic,SteelDrum C3
Perc Ethnic,SteelDrum C4
Perc Ethnic,SteelDrum D4
Perc Ethnic,SteelDrum E3
Perc Ethnic,SteelDrum E4
Perc Ethnic,SteelDrum G3
Perc Ethnic,SteelDrum G4
Perc Ethnic,Tabla Dhin
Perc Ethnic,Tabla Ta
Perc Ethnic,Tabla Te
Perc Ethnic,Tabla Ti
Perc Ethnic,Tabla Tin
Perc Ethnic,TaikoHi Open
Perc Ethnic,TaikoHi Rim
Perc Ethnic,TaikoNorm Open
Perc Ethnic,TaikoNorm Rim
Perc Ethnic,Tama 1
Perc Ethnic,Tama 2
Perc Ethnic,Tama 3
Perc Ethnic,Tama 4
Perc Ethnic,Tama Gliss 1
Perc Ethnic,Tama Gliss 2
Perc Ethnic,Tamalin ClosedSlap
Perc Ethnic,Tamalin Open
Perc Ethnic,TamTam Hit
Perc Ethnic,TamTam Scrape
Perc Ethnic,Toke1 Closed
Perc Ethnic,Toke1 Open
Perc Ethnic,Toke2 Closed
Perc Ethnic,Toke2 Open
Perc Ethnic,Totodzi Closed
Perc Ethnic,Totodzi Open
Perc Ethnic,Totodzi Pa
Perc Ethnic,Udu1 High
Perc Ethnic,Udu1 Low
Perc Ethnic,Udu1 Shell 1
Perc Ethnic,Udu1 Shell 2
Perc Ethnic,Udu2 High
Perc Ethnic,Udu2 Low
Perc Ethnic,Udu2 Shell 1
Perc Ethnic,Udu2 Shell 2
Perc Latin,Afoxe Shake
Perc Latin,Afoxe Tap
Perc Latin,Agogo Hi
Perc Latin,Agogo Low
Perc Latin,Basket 1
Perc Latin,Basket 2
Perc Latin,Bombo Closed
Perc Latin,Bombo Open
Perc Latin,BongoHigh Closed
Perc Latin,BongoHigh Open
Perc Latin,BongoHigh SlapOpen
Perc Latin,BongoLow Closed
Perc Latin,BongoLow Open
Perc Latin,Caxixi 1
Perc Latin,Caxixi 2
Perc Latin,Caxixi 3
Perc Latin,Cha Cha Bell
Perc Latin,Clave 1
Perc Latin,Clave 2
Perc Latin,Clave 3
Perc Latin,CongaQuinto Closed
Perc Latin,CongaQuinto ClSlap
Perc Latin,CongaQuinto Open
Perc Latin,CongaQuinto OpenSlap
Perc Latin,CongaSecundo Bass
Perc Latin,CongaSecundo Closed
Perc Latin,CongaSecundo Open
Perc Latin,CongaSecundo SlapOpen
Perc Latin,CongaTumbadora Bass
Perc Latin,CongaTumbadora Closed
Perc Latin,CongaTumbadora Open
Perc Latin,CongaTumbadora SlapClosed
Perc Latin,CongaTumbadora SlapOpen
Perc Latin,Cortador Closed
Perc Latin,Cortador Hand
Perc Latin,Cortador Open
Perc Latin,Cortador RimClosed
Perc Latin,Cortador RimOpen
Perc Latin,Cowbell 1 Center
Perc Latin,Cowbell 1 Edge
Perc Latin,Cowbell 2 Center
Perc Latin,Cowbell 3 Center
Perc Latin,Cowbell 3 Edge
Perc Latin,Cowbell 4 Center
Perc Latin,Cowbell 4 Edge
Perc Latin,Cuica High
Perc Latin,Cuica Low
Perc Latin,Cuica Mid
Perc Latin,Finger Snap
Perc Latin,Frog Shaker
Perc Latin,Guiro Long
Perc Latin,Guiro Short
Perc Latin,JamBlock High
Perc Latin,JamBlock Low
Perc Latin,Macana Closed
Perc Latin,Macana Hand
Perc Latin,Macana Open
Perc Latin,Macana Rim
Perc Latin,Maracas
Perc Latin,Pandiero Closed
Perc Latin,Pandiero Heel
Perc Latin,Pandiero Open
Perc Latin,Pandiero Slap
Perc Latin,Pandiero Toe
Perc Latin,RecoReco
Perc Latin,Repenique Rim
Perc Latin,Repenique Stick
Perc Latin,Sencero
Perc Latin,Tamborim Closed
Perc Latin,Tamborim Open
Perc Latin,Tamborim Rim
Perc Latin,Tamborim Side
Perc Latin,TimbaleHigh Casc
Perc Latin,TimbaleHigh Open
Perc Latin,TimbaleHigh Rim
Perc Latin,TimbaleLow Casc
Perc Latin,TimbaleLow Open
Perc Latin,TimbaleLow Rim
Perc Latin,Timbalitos High
Perc Latin,Timbalitos Low
Perc Latin,Timbalitos Side
Perc Latin,Vibraslap
Perc Latin,Whistle C
Perc Latin,Whistle D
Perc Latin,Whistle E
Perc Latin,Whistle F
Perc Orchestral,12inCustomCym Choke
Perc Orchestral,12inCustomCym Edge
Perc Orchestral,12inCustomCym Scrape
Perc Orchestral,18inACrash Choke
Perc Orchestral,18inACrash Edge
Perc Orchestral,18inACrash Scrape
Perc Orchestral,20inChina Choke
Perc Orchestral,20inChina Edge
Perc Orchestral,Bass Orch Drum Rute
Perc Orchestral,Bass Orch Drum
Perc Orchestral,Cabasa
Perc Orchestral,Cuckoo Hi
Perc Orchestral,Cuckoo Low
Perc Orchestral,Dark Tambourine
Perc Orchestral,Duck Call
Perc Orchestral,FieldSnareOn Center
Perc Orchestral,FieldSnareOn Rim
Perc Orchestral,Flexatone 1
Perc Orchestral,Flexatone 2
Perc Orchestral,Flexatone 3
Perc Orchestral,Flexatone 4
Perc Orchestral,Nightingale Call
Perc Orchestral,Piatti
Perc Orchestral,Police Whistle
Perc Orchestral,Ratchet
Perc Orchestral,Slapstick
Perc Orchestral,SleighBells
Perc Orchestral,Slidewhistle Down
Perc Orchestral,Slidewhistle Up
Perc Orchestral,TempleBlock A4
Perc Orchestral,TempleBlock C4
Perc Orchestral,TempleBlock C5
Perc Orchestral,Timpani A1
Perc Orchestral,Timpani C2
Perc Orchestral,Timpani E2
Perc Orchestral,Timpani F1
Perc Orchestral,TriangleBright Combo
Perc Orchestral,TriangleBright Muted
Perc Orchestral,TriangleBright Open
Perc Orchestral,WarDrum 1
Perc Orchestral,WarDrum 2
Perc Orchestral,WarDrum 3
Perc Orchestral,WarDrum 4
Perc Orchestral,WarDrum 5
Rides,18inMedSizzleBrush Bow
Rides,18inMedSizzleStick Bow
Rides,18inMedSizzleStick Edge
Rides,20inIMPStick Bell
Rides,20inIMPStick Bow
Rides,20inIMPStick Edge
Rides,20inMedBrush Bow
Rides,20inMedStick Bell
Rides,20inMedStick Bow
Rides,20inMedStick Edge
Rides,21inHeavyStick Bell
Rides,21inHeavyStick Bow
Rides,21inHeavyStick Edge
Rides,22inJazzBrush Bow
Rides,22inJazzStick Bell
Rides,22inJazzStick Bow
Rides,22inJazzStick Edge
Rides,BJ Pste22in602 Bell
Rides,BJ Pste22in602 Bow
Rides,BJ Pste22in602 Edge
Rides,BJ Z20inCustA Bell
Rides,BJ Z20inCustA Bow
Rides,BJ Z20inCustA Edge
Rides,BJ Z20inCustK Bell
Rides,BJ Z20inCustK Bow
Rides,BJ Z20inCustK Edge
Rides,Mwork22inGarage Bell
Rides,Mwork22inGarage Bow
Rides,Mwork22inGarage Crash
Rides,Pste22in2002 Bell
Rides,Pste22in2002 Bow
Rides,Pste22in2002 Crash
Rides,Pste22inDryHvy Bell
Rides,Pste22inDryHvy Bow
Rides,Pste22inDryHvy Edge
Rides,Pste24in2002 Bell
Rides,Pste24in2002 Bow
Rides,Pste24in2002 Edge
Rides,Pste24inGiant Bell
Rides,Pste24inGiant Bow
Rides,Pste24inGiant Edge
Rides,Sab21inCCond Bell
Rides,Sab21inCCond Bow
Rides,Sab21inCCond Edge
Rides,Sab22inVault Bell
Rides,Sab22inVault Bow
Rides,Sab22inVault Crash
Rides,SizzleRide20in Bell
Rides,SizzleRide20in Bow
Rides,SizzleRide20in Edge
Rides,SmashedRide Bell
Rides,SmashedRide Bow
Rides,SmashedRide Edge
Rides,Zild20inZCustom Bell
Rides,Zild20inZCustom Bow
Rides,Zild20inZCustom Edge
Rides,Zild21inKCustom Bell
Rides,Zild21inKCustom Bow
Rides,Zild21inKCustom Edge
Rides,Zild21inKSpcDry ST Bell
Rides,Zild21inKSpcDry ST Bow
Rides,Zild21inKSpcDry ST Edge
SFX,8Bit Bumble
SFX,8Bit Downfall
SFX,8Bit Jump
SFX,8Bit Sweep
SFX,Barking Sewer Dog
SFX,Big Ben
SFX,Bird
SFX,Bit Scream
SFX,Break Down
SFX,Broken Loop A
SFX,Broken Loop B
SFX,Cabinet Junk
SFX,Cabinet Top
SFX,Complextro Magic
SFX,Dark Emperor Synth
SFX,DigiPipe
SFX,Digital Motor
SFX,Dirty Scratch
SFX,Dist Hit
SFX,Distorted Bass Hit
SFX,DStep Yiye 1
SFX,DStep Yiye 2
SFX,Dubstep Bass Growl
SFX,DubSynth Brie
SFX,DubSynth Whoop
SFX,DubSynth Yea
SFX,EDM Bass Stab
SFX,Electro Cough
SFX,Falling Morph
SFX,Fan Attack
SFX,Game Crunch Low
SFX,GlitchBee V1
SFX,GlitchBee V2
SFX,Grainy
SFX,Granular Junk
SFX,Harsh Noize
SFX,Itchy Glitchy
SFX,Jeff Funky ClsdHHRide
SFX,JuggaNaut
SFX,Junk Crash 1
SFX,Junk Crash 2
SFX,Junk Drawer
SFX,Metal Grate
SFX,Metal Hit 1
SFX,Metal Hit 2
SFX,Monster Growl
SFX,Monstroso
SFX,MPC Domi Hit
SFX,MPC Scratch 1
SFX,MPC Scratch 2
SFX,MPC Scratch 3
SFX,MPC Scratch 4
SFX,MPC Scratch Fall
SFX,MPC Scratch FX
SFX,Ow Bass
SFX,Pipe1
SFX,Pipe2
SFX,Pipe3
SFX,Recycling Bin 1
SFX,Recycling Bin 2
SFX,Reverse Crash Long 1
SFX,Reverse Crash Long 2
SFX,Reverse Crash Long 3
SFX,Reverse Crash Short 1
SFX,Reverse Crash Short 2
SFX,Reverse Crash Short 3
SFX,Reverse Crash Short 4
SFX,Reverse Kick 1
SFX,Reverse Kick 2
SFX,Reverse Kick 3
SFX,Reverse Kick 4
SFX,Reverse Kick 5
SFX,Reverse Kick 6
SFX,Reverse Kick 7
SFX,Reverse Snare 1
SFX,Reverse Snare 2
SFX,Reverse Snare 3
SFX,Reverse Snare 4
SFX,Reverse Snare 5
SFX,Reverse Snare 6
SFX,Reverse Snare 7
SFX,Rizer
SFX,Sawyer Synth
SFX,Schuyler Scratch 1
SFX,Schuyler Scratch 2
SFX,Schuyler Scratch 3
SFX,Scratch Oh Random
SFX,Scratch Oh
SFX,Stinger Synth
SFX,Synth Fall
SFX,Synth Punch
SFX,Uhn Voice
SFX,Ultra Garbage
SFX,Vocal Drop
SFX,Vocal Duhn 1
SFX,Vocal Duhn 2
SFX,Vocal Duhn 3
SFX,Vocal Duhn 4
SFX,Vocal Gasp
SFX,Vocal LipTrill
SFX,Vocal Pops
SFX,Vocal Synth
SFX,Water Jug 1
SFX,Water Jug 2
SFX,Whoop High
SFX,Whoop Low
Snares,70sProg Center
Snares,70sProg Rimshot
Snares,80sPop Center
Snares,80sPop XStick
Snares,90sAlt Center
Snares,90sAlt Rimshot
Snares,Anthem Center
Snares,Anthem Rimshot
Snares,BJ BandanaFunk Center
Snares,BJ DWBallad Center
Snares,BJ DWMaple Center
Snares,BJ DWMaple Rimshot
Snares,BJ DWMaple XStick
Snares,BJ DWMoon Center
Snares,BJ DWMoon Rimshot
Snares,BJ Ludwig Center
Snares,BJ Ludwig Rimshot
Snares,BJ Ludwig XStick
Snares,BJ Trashy Center
Snares,BJ Trashy Rimshot
Snares,BJ Trashy XStick
Snares,BJ YamMaple Center
Snares,BJ YamMaple Rimshot
Snares,BJ YamMaple XStick
Snares,BJ YamMapleDwn Center
Snares,BJ YamMapleDwn Rimshot
Snares,BJ YamMapleDwn XStick
Snares,BJ YamMapleDwnOff Center
Snares,BJ YamMapleDwnOff XStick
Snares,BJ YamMapleOff Center
Snares,BlackB14x5Damp Center
Snares,BlackB14x5Damp Rimshot
Snares,Bronze6x5Alt Center
Snares,Bronze6x5Alt Rimshot
Snares,BronzeLgnd6x5 Center
Snares,BronzeLgnd6x5 Rimshot
Snares,BronzeLgnd6x5 XStick
Snares,BronzeLgnd6x5Damp Center
Snares,BronzeLgnd6x5Damp Rimshot
Snares,ChickenGrease Center
Snares,Crav14inMaple Center
Snares,Crav14inMaple Rimshot
Snares,Crav14inMaple XStick
Snares,DCraft14inBrass Center
Snares,DCraft14inBrass Rimshot
Snares,DCraft14inBrass XStick
Snares,DW12in Center
Snares,DW12in Rimshot
Snares,DW12in XStick
Snares,DW12inOff Center
Snares,DW12inOff Rimshot
Snares,Feelgood Center
Snares,Feelgood Rimshot
Snares,GarageRock Center
Snares,GarageRock Rimshot
Snares,Gated80s Center
Snares,Gated80s Rimshot
Snares,Jambi Center
Snares,Jambi Rimshot
Snares,Kepl12in Center
Snares,Kepl12in Rimshot
Snares,Kepl12in XStick
Snares,Lars Center
Snares,Lars Rimshot
Snares,Leady14in Center
Snares,Leady14in Rimshot
Snares,Leady14in XStick
Snares,Levee Center
Snares,Levee Rimshot
Snares,Lud14inAcro RodCenter
Snares,Lud14inAcro RodRimshot
Snares,Lud14inAcro StickCenter
Snares,Lud14inAcro StickRimshot
Snares,Lud14inAcro StickXStick
Snares,Lud14inBeautyTR Center
Snares,Lud14inBeautyTR Rimshot
Snares,Lud14inBeautyTR XStick
Snares,Lud14inBlack Center
Snares,Lud14inBlack Rimshot
Snares,Lud14inBlack XStick
Snares,Lud14inBlackRock Center
Snares,Lud14inBlackRock Rimshot
Snares,Lud14inBlackRock XStick
Snares,Lud14inBrass40 Center
Snares,Lud14inBrass40 Rimshot
Snares,Lud14inBrass40 XStick
Snares,Lud14inBrassVint Center
Snares,Lud14inBrassVint Rimshot
Snares,Lud14inBrassVint XStick
Snares,Lud14inJazz Center
Snares,Lud14inJazz Rimshot
Snares,Lud14inJazz XStick
Snares,Lud14inMagic BrushCenter
Snares,Lud14inMagic BrushRimshot
Snares,Lud14inMagic StickCenter
Snares,Lud14inMagic StickRimshot
Snares,Lud14inMagic StickXStick
Snares,Lud14inPhonic Center
Snares,Lud14inPhonic Rimshot
Snares,Lud14inPhonic XStick
Snares,McD14in BrushCenter
Snares,McD14in BrushRimshot
Snares,McD14in StickCenter
Snares,McD14in StickRimshot
Snares,McD14in StickXStick
Snares,Mland13in Center
Snares,Mland13in Rimshot
Snares,Mland13in XStick
Snares,Mland13inDamp Center
Snares,Mland13inDamp Rimshot
Snares,NAC14inMaple Center
Snares,NAC14inMaple Rimshot
Snares,NAC14inMaple XStick
Snares,Panther Center
Snares,Panther Rimshot
Snares,Prl14inFerrone Center
Snares,Prl14inFerrone Rimshot
Snares,Prl14inFerrone XStick
Snares,Prl14inFerroneOFF Center
Snares,Prl14inFerroneOFF Rimshot
Snares,Prl14inMaster Center
Snares,Prl14inMaster Rimshot
Snares,Prl14inMaster ST Center
Snares,Prl14inMaster ST Rimshot
Snares,Prl14inMaster ST XStick
Snares,Prl14inMaster XStick
Snares,Prl14x3Brass BrushCenter
Snares,Prl14x3Brass BrushRimshot
Snares,Prl14x3Brass StickCenter
Snares,Prl14x3Brass StickRimshot
Snares,Prl14x3Brass StickXStick
Snares,Prl14x3BrassOFF RodCenter
Snares,Prl14x3BrassOFF RodRimshot
Snares,Prl14x6Brass StickCenter
Snares,Prl14x6Brass StickRimshot
Snares,Prl14x6Brass StickXStick
Snares,PunchyBeauty Center
Snares,PunchyBeauty Rimshot
Snares,Quest Center
Snares,Rodg14in RodCenter
Snares,Rodg14in RodRimshot
Snares,Rodg14in StickCenter
Snares,Rodg14in StickRimshot
Snares,Rodg14in XStick
Snares,Rosanna Center
Snares,Rosanna Rimshot
Snares,SlingRadioK Center
Snares,SlingRadioK Rimshot
Snares,SlingRadioK XStick
Snares,SlingRadioKDamp Center
Snares,SlingRadioKDamp Rimshot
Snares,Smashed Center
Snares,Smashed Rimshot
Snares,SonDannyC14in Center
Snares,SonDannyC14in Rimshot
Snares,SonDannyC14in XStick
Snares,Two Princes Center
Snares,Two Princes Rimshot
Snares,UberMetal Center
Snares,UberMetal Rimshot
Snares,Yam13inSJ Center
Snares,Yam13inSJ Rimshot
Snares,Yam13inSJ XStick
Snares,Yam14x4 Center
Snares,Yam14x4 Rimshot
Snares,Yam14x4 XStick
Snares,Yam14x4Damp Center
Snares,Yam14x4Damp Rimshot
Toms,Arena Rock 1
Toms,Arena Rock 2
Toms,Arena Rock 3
Toms,Arena Rock 4
Toms,Big Rocker 1
Toms,Big Rocker 2
Toms,Big Rocker 3
Toms,Big Rocker 4
Toms,BJYamBlack10in
Toms,BJYamBlack12in
Toms,BJYamBlack13in
Toms,BJYamBlack15in
Toms,BJYamBlack8in
Toms,ConcertTom10in Center
Toms,ConcertTom10in Rimshot
Toms,ConcertTom12in Center
Toms,ConcertTom12in Rimshot
Toms,ConcertTom13in Center
Toms,ConcertTom13in Rimshot
Toms,ConcertTom14in Center
Toms,ConcertTom14in Rimshot
Toms,DW12inMaple Center
Toms,DW12inMaple Rimshot
Toms,DW12inMapleHigh Center
Toms,DW12inMapleHigh Rimshot
Toms,DW14inMaple Center
Toms,DW14inMaple Rimshot
Toms,DW16inMaple Center
Toms,DW16inMaple Rimshot
Toms,DWJazz12in Center
Toms,DWJazz12in Rim
Toms,DWJazz12in Rimshot
Toms,DWJazz14in Center
Toms,DWJazz14in Rim
Toms,DWJazz14in Rimshot
Toms,Gated 1
Toms,Gated 2
Toms,Gated 3
Toms,Gated 4
Toms,Gated 5
Toms,Gre10in Center
Toms,Gre10in Rim
Toms,Gre10in Rimshot
Toms,Gre14in Center
Toms,Gre14in Rim
Toms,Gre14in Rimshot
Toms,GreMaple10in Brush
Toms,GreMaple10in Mallet
Toms,GreMaple10in Stick
Toms,GreMaple12in Brush
Toms,GreMaple12in Mallet
Toms,GreMaple12in Stick
Toms,GreMaple13in Brush
Toms,GreMaple13in Mallet
Toms,GreMaple13in Stick
Toms,GreMaple14in Brush
Toms,GreMaple14in Mallet
Toms,GreMaple14in Stick
Toms,GreMaple16in Brush
Toms,GreMaple16in Mallet
Toms,GreMaple16in Stick
Toms,GreMaple8in Brush
Toms,GreMaple8in Mallet
Toms,GreMaple8in Stick
Toms,Levee14in
Toms,Levee16in
Toms,LudVintage12in Center
Toms,LudVintage12in Rim
Toms,LudVintage12in Rimshot
Toms,LudVintage13in Center
Toms,LudVintage13in Rim
Toms,LudVintage13in Rimshot
Toms,LudVintage16in Center
Toms,LudVintage16in Rim
Toms,LudVintage16in Rimshot
Toms,NAC10inMaple Center
Toms,NAC10inMaple Rim
Toms,NAC10inMaple Rimshot
Toms,NAC12inMaple Center
Toms,NAC12inMaple Rim
Toms,NAC12inMaple Rimshot
Toms,NAC13inMaple Center
Toms,NAC13inMaple Rim
Toms,NAC13inMaple Rimshot
Toms,NAC16inMaple Center
Toms,NAC16inMaple Rim
Toms,NAC16inMaple Rimshot
Toms,oldNAC12inMaple Center
Toms,Panther 1
Toms,Panther 2
Toms,Panther 3
Toms,RCI14in Center
Toms,RCI14in ST Center
Toms,RCI14inHigh Center
Toms,RCI14inHigh ST Center
Toms,RCI16in Center
Toms,RCI16in ST Center
Toms,RCI18in Center
Toms,RCI18in ST Center
Toms,Rosanna 1
Toms,Rosanna 2
Toms,Rosanna 3
Toms,Rosanna 4
Toms,Rototom10in
Toms,Rototom12in
Toms,Rototom14in
Toms,Rototom8in
Toms,Sling10in Brush
Toms,Sling10in Stick
Toms,Sling12in Brush
Toms,Sling12in Stick
Toms,Sling14in Brush
Toms,Sling14in Stick
Toms,Smashed 1
Toms,Smashed 2
Toms,Smashed 3
Toms,Stereo Acrylic 1
Toms,Stereo Acrylic 2
Toms,Stereo Acrylic 3
Toms,Stereo Acrylic 4
Toms,TempFiber14in
Toms,TempFiber16in
Toms,TempFiber18in
Toms,Triad 1
Toms,Triad 2
Toms,Triad 3
Toms,Triad 4
Toms,YamOakCust10in Center
Toms,YamOakCust10in Rim
Toms,YamOakCust10in Rimshot
Toms,YamOakCust12in Center
Toms,YamOakCust12in Rim
Toms,YamOakCust12in Rimshot
Toms,YamOakCust14in Center
Toms,YamOakCust14in Rim
Toms,YamOakCust14in Rimshot
Toms,YamOakCust16in Center
Toms,YamOakCust16in Rim
Toms,YamOakCust16in Rimshot
Toms,YamRock13in Center
Toms,YamRock13in Rim
Toms,YamRock13in Rimshot
Toms,YamRock16in Center
Toms,YamRock16in Rim
Toms,YamRock16in Rimshot
Toms,YamRock18in Center
Toms,YamRock18in Rim
Toms,YamRock18in Rimshot
